[{"model": "fintrack.user", "pk": 1, "fields": {"password": "pbkdf2_sha256$720000$JVtty8wvJwKQ9iz0Wnqe5T$kDq93hTBLgsdI+0Z1YnDddrxJMowRrkjYOzf+uZbhos=", "last_login": "2024-07-21T09:02:11.661Z", "is_superuser": false, "username": "Hong Wei", "first_name": "", "last_name": "", "email": "taiihongwei@gmail.com", "is_staff": false, "is_active": true, "date_joined": "2024-07-18T14:13:51.838Z", "groups": [], "user_permissions": []}}, {"model": "fintrack.user", "pk": 2, "fields": {"password": "pbkdf2_sha256$720000$SEbndUxbtK8bD5vir5H6TI$MSSQRkOo0iEZf/Rvg2eZpzXMG9B0Gcxe1AJeP8gY64A=", "last_login": "2024-12-13T07:06:40.473Z", "is_superuser": false, "username": "Harry", "first_name": "", "last_name": "", "email": "harry@hogwarts.com", "is_staff": false, "is_active": true, "date_joined": "2024-07-18T15:03:48.475Z", "groups": [], "user_permissions": []}}, {"model": "fintrack.user", "pk": 3, "fields": {"password": "admin1", "last_login": "2024-07-22T04:13:12Z", "is_superuser": true, "username": "admin", "first_name": "", "last_name": "", "email": "e1138406@u.nus.edu", "is_staff": true, "is_active": true, "date_joined": "2024-07-20T08:29:07Z", "groups": [], "user_permissions": []}}, {"model": "fintrack.user", "pk": 4, "fields": {"password": "pbkdf2_sha256$720000$vMtuRndczczCG8qVr63otg$ZGTAzTeT/crD71RfF6o0lDu0wbaAfmAumWPxHuHtNWU=", "last_login": "2024-12-06T02:50:02.015Z", "is_superuser": false, "username": "Ron", "first_name": "", "last_name": "", "email": "ronweasley@hogwarts.com", "is_staff": false, "is_active": true, "date_joined": "2024-07-21T07:11:45.698Z", "groups": [], "user_permissions": []}}, {"model": "fintrack.user", "pk": 5, "fields": {"password": "pbkdf2_sha256$720000$6byNnOqUUg3wtPqZD9GN1u$G9CJ0qdA3hQGew8R14nz84wwQK4I76QejKHZN2/+ee4=", "last_login": "2024-12-09T06:06:44.538Z", "is_superuser": true, "username": "fintrack", "first_name": "", "last_name": "", "email": "taiihongwei@gmail.com", "is_staff": true, "is_active": true, "date_joined": "2024-12-04T11:12:42.797Z", "groups": [], "user_permissions": []}}, {"model": "fintrack.category", "pk": 1, "fields": {"name": "FnB"}}, {"model": "fintrack.category", "pk": 2, "fields": {"name": "Transport"}}, {"model": "fintrack.category", "pk": 3, "fields": {"name": "Healthcare"}}, {"model": "fintrack.category", "pk": 4, "fields": {"name": "Entertainment"}}, {"model": "fintrack.category", "pk": 5, "fields": {"name": "Groceries"}}, {"model": "fintrack.category", "pk": 6, "fields": {"name": "Investment"}}, {"model": "fintrack.category", "pk": 7, "fields": {"name": "Travel"}}, {"model": "fintrack.category", "pk": 8, "fields": {"name": "Gym"}}, {"model": "fintrack.category", "pk": 9, "fields": {"name": "Electronics"}}, {"model": "fintrack.category", "pk": 10, "fields": {"name": "Bills"}}, {"model": "fintrack.category", "pk": 11, "fields": {"name": "Salary"}}, {"model": "fintrack.category", "pk": 13, "fields": {"name": "Other Income"}}, {"model": "fintrack.category", "pk": 14, "fields": {"name": "Other Expense"}}, {"model": "fintrack.category", "pk": 16, "fields": {"name": "Utility"}}, {"model": "fintrack.category", "pk": 17, "fields": {"name": "Skincare"}}, {"model": "fintrack.currency", "pk": 1, "fields": {"name": "Australia Dollar", "symbol": "AUD"}}, {"model": "fintrack.currency", "pk": 2, "fields": {"name": "Great Britain Pound", "symbol": "GBP"}}, {"model": "fintrack.currency", "pk": 3, "fields": {"name": "Euro", "symbol": "EUR"}}, {"model": "fintrack.currency", "pk": 4, "fields": {"name": "Japan Yen", "symbol": "JPY"}}, {"model": "fintrack.currency", "pk": 5, "fields": {"name": "Switzerland Franc", "symbol": "CHF"}}, {"model": "fintrack.currency", "pk": 6, "fields": {"name": "USA Dollar", "symbol": "USD"}}, {"model": "fintrack.currency", "pk": 7, "fields": {"name": "China Yuan/Renminbi", "symbol": "CNY"}}, {"model": "fintrack.currency", "pk": 8, "fields": {"name": "Malaysia Ringgit", "symbol": "MYR"}}, {"model": "fintrack.currency", "pk": 9, "fields": {"name": "Singapore Dollar", "symbol": "SGD"}}, {"model": "fintrack.currency", "pk": 10, "fields": {"name": "Denmark Krone", "symbol": "DKK"}}, {"model": "fintrack.currency", "pk": 11, "fields": {"name": "Hong Kong Dollar", "symbol": "HKD"}}, {"model": "fintrack.currency", "pk": 12, "fields": {"name": "Taiwan Dollar", "symbol": "TWD"}}, {"model": "fintrack.transaction", "pk": 6, "fields": {"user": 4, "amount": "95.00", "description": "Anytime Fitness", "type": "Expense", "category": 8, "date": "2024-12-04", "currency": "SGD", "is_processed": false}}, {"model": "fintrack.transaction", "pk": 11, "fields": {"user": 2, "amount": "600.00", "description": "GST Voucher", "type": "Income", "category": 13, "date": "2024-12-03", "currency": "SGD", "is_processed": false}}, {"model": "fintrack.transaction", "pk": 31, "fields": {"user": 2, "amount": "32.87", "description": "iPad Screen Protector & Case", "type": "Expense", "category": 9, "date": "2024-12-05", "currency": "SGD", "is_processed": false}}, {"model": "fintrack.transaction", "pk": 32, "fields": {"user": 2, "amount": "22.78", "description": "Ippudo Ramen", "type": "Expense", "category": 1, "date": "2024-12-05", "currency": "SGD", "is_processed": false}}, {"model": "fintrack.transaction", "pk": 33, "fields": {"user": 2, "amount": "600.00", "description": "iPad Air 6 (11')", "type": "Expense", "category": 9, "date": "2024-12-04", "currency": "SGD", "is_processed": false}}, {"model": "fintrack.transaction", "pk": 34, "fields": {"user": 2, "amount": "8.00", "description": "Jollibee", "type": "Expense", "category": 1, "date": "2024-12-02", "currency": "SGD", "is_processed": false}}, {"model": "fintrack.transaction", "pk": 35, "fields": {"user": 2, "amount": "5.98", "description": "Spotify Premium", "type": "Expense", "category": 4, "date": "2024-11-10", "currency": "SGD", "is_processed": true}}, {"model": "fintrack.transaction", "pk": 36, "fields": {"user": 2, "amount": "5.98", "description": "Spotify Premium", "type": "Expense", "category": 4, "date": "2024-10-10", "currency": "SGD", "is_processed": true}}, {"model": "fintrack.transaction", "pk": 37, "fields": {"user": 2, "amount": "3.15", "description": "NYT", "type": "Expense", "category": 4, "date": "2024-11-29", "currency": "SGD", "is_processed": true}}, {"model": "fintrack.transaction", "pk": 38, "fields": {"user": 2, "amount": "3.09", "description": "NYT", "type": "Expense", "category": 4, "date": "2024-11-02", "currency": "SGD", "is_processed": true}}, {"model": "fintrack.transaction", "pk": 39, "fields": {"user": 2, "amount": "6.00", "description": "Supreme Pork Chop Rice", "type": "Expense", "category": 1, "date": "2024-11-28", "currency": "SGD", "is_processed": false}}, {"model": "fintrack.transaction", "pk": 40, "fields": {"user": 2, "amount": "44.20", "description": "NSC", "type": "Expense", "category": 10, "date": "2024-11-26", "currency": "SGD", "is_processed": false}}, {"model": "fintrack.transaction", "pk": 41, "fields": {"user": 2, "amount": "98.00", "description": "AF", "type": "Expense", "category": 8, "date": "2024-10-20", "currency": "SGD", "is_processed": false}}, {"model": "fintrack.transaction", "pk": 42, "fields": {"user": 2, "amount": "243.00", "description": "JJ20", "type": "Expense", "category": 4, "date": "2024-11-21", "currency": "SGD", "is_processed": true}}, {"model": "fintrack.transaction", "pk": 43, "fields": {"user": 2, "amount": "12.00", "description": "Haircut", "type": "Expense", "category": 14, "date": "2024-11-17", "currency": "SGD", "is_processed": false}}, {"model": "fintrack.transaction", "pk": 44, "fields": {"user": 2, "amount": "17.39", "description": "TORI-Q", "type": "Expense", "category": 1, "date": "2024-11-04", "currency": "SGD", "is_processed": false}}, {"model": "fintrack.transaction", "pk": 45, "fields": {"user": 2, "amount": "11.00", "description": "Hot Hideout", "type": "Expense", "category": 1, "date": "2024-10-28", "currency": "SGD", "is_processed": false}}, {"model": "fintrack.transaction", "pk": 46, "fields": {"user": 2, "amount": "98.00", "description": "AF", "type": "Expense", "category": 8, "date": "2024-11-20", "currency": "SGD", "is_processed": false}}, {"model": "fintrack.transaction", "pk": 47, "fields": {"user": 2, "amount": "564.80", "description": "Tuition Fees", "type": "Expense", "category": 14, "date": "2024-10-03", "currency": "SGD", "is_processed": false}}, {"model": "fintrack.transaction", "pk": 48, "fields": {"user": 2, "amount": "60.72", "description": "Skincare", "type": "Expense", "category": 17, "date": "2024-10-02", "currency": "SGD", "is_processed": false}}, {"model": "fintrack.transaction", "pk": 49, "fields": {"user": 2, "amount": "55.00", "description": "SNCS Level 1", "type": "Expense", "category": 4, "date": "2024-12-09", "currency": "SGD", "is_processed": true}}, {"model": "fintrack.transaction", "pk": 50, "fields": {"user": 2, "amount": "400.00", "description": "GST Voucher", "type": "Income", "category": 13, "date": "2024-12-09", "currency": "SGD", "is_processed": false}}, {"model": "fintrack.budget", "pk": 2, "fields": {"user": 2, "category": 4, "amount": "1000.00", "start_date": "2024-12-01", "end_date": "2024-12-30", "amount_spent": "316.20"}}, {"model": "fintrack.recurrenceperiod", "pk": 1, "fields": {"name": "Monthly"}}, {"model": "fintrack.recurrenceperiod", "pk": 2, "fields": {"name": "Quarterly"}}, {"model": "fintrack.recurrenceperiod", "pk": 3, "fields": {"name": "Annually"}}, {"model": "fintrack.bill", "pk": 74, "fields": {"user": 2, "description": "Electricity Bill", "amount": "60.00", "category": 10, "due_date": "2024-12-30", "is_recurring": true, "recurrence_period": 1}}, {"model": "fintrack.bill", "pk": 76, "fields": {"user": 2, "description": "iPhone Installment", "amount": "200.00", "category": 10, "due_date": "2024-12-17", "is_recurring": true, "recurrence_period": 1}}, {"model": "sessions.session", "pk": "6d8j02kxvnb5bs51f0mvz4l79xgmhrhq", "fields": {"session_data": ".eJxVjMsKwjAQRf8lawl5NE3SpXu_IUwmU1sfiTQtCOK_20IF3Z5z7n2xAMs8hKXSFMbEOqbY4ZdFwCvlTaQL5HPhWPI8jZFvCd9t5aeS6Hbc27-DAeqwrkFq6J3xyoKPKSrvJQIktOScM9q22Dc2JSE0ttFLoxqnZIzOkdWtRFxP5zLDLYwZy51YZ43g4gvp-aBcqbLOSMGNfn8AEYFGRQ:1tJc19:GQLk_WikvR35U0A7l0X1XQmlwrFUx4Et7z87F1sFXLk", "expire_date": "2024-12-20T17:21:27.332Z"}}, {"model": "sessions.session", "pk": "aa6sj9p20ac9zktubbz56lxbj7ji8zk0", "fields": {"session_data": ".eJxVjMsKwjAQRf8lawlJ2ubRpXu_IUwmU1sfiTQpCOK_20IF3Z5z73kxD0sd_VJo9lNkPVPs8MsC4JXSJuIF0jlzzKnOU-DbhO-28FOOdDvu27_ACGVc3yAbGGznlAEXYlDOSQSIaMha2zVG49CaGIVoUAcnO9VaJUOwlkyjJeIarbnCzU8J851YL4UQXHwpPR-UCpWVWye50-8PmbxGrg:1tLERP:Wq0GydIwoIlxRUs6Hn98FAFmnrig0XUYljurd6DMSvU", "expire_date": "2024-12-25T04:35:15.326Z"}}, {"model": "sessions.session", "pk": "k2quugbjojdzon2gxpxj5h5shqu8dtc4", "fields": {"session_data": ".eJxVjMsOwiAUBf-FtSEFClxcuvcbyH1QqZo2Ke3K-O_apAvdnpk5L5VxW2veWlnyKOqsrDr9boT8KNMO5I7TbdY8T-sykt4VfdCmr7OU5-Vw_w4qtvqt0TgcwCcbMZGQTckwonAsAOBdDDz0UaTrHAdKxtserCECKNEFw6zeH-3NN98:1sVkQT:Oj9mCBWXFttZbjKPG5j4J42Nwv7OkmH67zOZnn833ew", "expire_date": "2024-08-05T04:13:29.339Z"}}, {"model": "sessions.session", "pk": "vz80jm4wx0bsh2380re2o05lip4vo2zk", "fields": {"session_data": ".eJxVjMsOwiAUBf-FtSEFClxcuvcbyH1QqZo2Ke3K-O_apAvdnpk5L5VxW2veWlnyKOqsrDr9boT8KNMO5I7TbdY8T-sykt4VfdCmr7OU5-Vw_w4qtvqt0TgcwCcbMZGQTckwonAsAOBdDDz0UaTrHAdKxtserCECKNEFw6zeH-3NN98:1tLzl2:XpljsgDC6Msh3zOTFotlK-Mj-g3Y9R05IV87mgf8Euw", "expire_date": "2024-12-27T07:06:40.481Z"}}]
